#,Name,Type 1,Type 2,Total Stats,Legendary,Legendary,HP,Attack,Defense,Sp. Atk,Sp. Def,Speed,Generation,Legendary,Legendary,Total Stats
1,Bulbasaur,Grass,Poison,208.0,False,False,45,49,49,65,65,45,1,False,False,208.0
2,Ivysaur,Grass,Poison,265.0,False,False,60,62,63,80,80,60,1,False,False,265.0
3,Venusaur,Grass,Poison,345.0,False,False,80,82,83,100,100,80,1,False,False,345.0
3,VenusaurMega Venusaur,Grass,Poison,425.0,False,False,80,100,123,122,120,80,1,False,False,425.0
4,Charmander,Fire,,194.0,False,False,39,52,43,60,50,65,1,False,False,194.0
5,Charmeleon,Fire,,260.0,False,False,58,64,58,80,65,80,1,False,False,260.0
6,Charizard,Fire,Flying,349.0,False,False,78,84,78,109,85,100,1,False,False,349.0
6,CharizardMega Charizard X,Fire,Dragon,449.0,False,False,78,130,111,130,85,100,1,False,False,449.0
6,CharizardMega Charizard Y,Fire,Flying,419.0,False,False,78,104,78,159,115,100,1,False,False,419.0
7,Squirtle,Water,,207.0,False,False,44,48,65,50,64,43,1,False,False,207.0
8,Wartortle,Water,,267.0,False,False,59,63,80,65,80,58,1,False,False,267.0
9,Blastoise,Water,,347.0,False,False,79,83,100,85,105,78,1,False,False,347.0
9,BlastoiseMega Blastoise,Water,,437.0,False,False,79,103,120,135,115,78,1,False,False,437.0
10,Caterpie,Bug,,130.0,False,False,45,30,35,20,20,45,1,False,False,130.0
11,Metapod,Bug,,150.0,False,False,50,20,55,25,25,30,1,False,False,150.0
12,Butterfree,Bug,Flying,245.0,False,False,60,45,50,90,80,70,1,False,False,245.0
13,Weedle,Bug,Poison,125.0,False,False,40,35,30,20,20,50,1,False,False,125.0
14,Kakuna,Bug,Poison,145.0,False,False,45,25,50,25,25,35,1,False,False,145.0
15,Beedrill,Bug,Poison,240.0,False,False,65,90,40,45,80,75,1,False,False,240.0
15,BeedrillMega Beedrill,Bug,Poison,270.0,False,False,65,150,40,15,80,145,1,False,False,270.0
16,Pidgey,Normal,Flying,160.0,False,False,40,45,40,35,35,56,1,False,False,160.0
17,Pidgeotto,Normal,Flying,228.0,False,False,63,60,55,50,50,71,1,False,False,228.0
18,Pidgeot,Normal,Flying,308.0,False,False,83,80,75,70,70,101,1,False,False,308.0
18,PidgeotMega Pidgeot,Normal,Flying,378.0,False,False,83,80,80,135,80,121,1,False,False,378.0
19,Rattata,Normal,,146.0,False,False,30,56,35,25,35,72,1,False,False,146.0
20,Raticate,Normal,,246.0,False,False,55,81,60,50,70,97,1,False,False,246.0
21,Spearow,Normal,Flying,161.0,False,False,40,60,30,31,31,70,1,False,False,161.0
22,Fearow,Normal,Flying,281.0,False,False,65,90,65,61,61,100,1,False,False,281.0
23,Ekans,Poison,,179.0,False,False,35,60,44,40,54,55,1,False,False,179.0
24,Arbok,Poison,,279.0,False,False,60,85,69,65,79,80,1,False,False,279.0
25,Pikachu,Electric,,180.0,False,False,35,55,40,50,50,90,1,False,False,180.0
26,Raichu,Electric,,295.0,False,False,60,90,55,90,80,110,1,False,False,295.0
27,Sandshrew,Ground,,230.0,False,False,50,75,85,20,30,40,1,False,False,230.0
28,Sandslash,Ground,,330.0,False,False,75,100,110,45,55,65,1,False,False,330.0
29,Nidoran (Female),Poison,,194.0,False,False,55,47,52,40,40,41,1,False,False,194.0
30,Nidorina,Poison,,254.0,False,False,70,62,67,55,55,56,1,False,False,254.0
31,Nidoqueen,Poison,Ground,344.0,False,False,90,92,87,75,85,76,1,False,False,344.0
32,Nidoran (Male),Poison,,183.0,False,False,46,57,40,40,40,50,1,False,False,183.0
33,Nidorino,Poison,,245.0,False,False,61,72,57,55,55,65,1,False,False,245.0
34,Nidoking,Poison,Ground,345.0,False,False,81,102,77,85,75,85,1,False,False,345.0
35,Clefairy,Fairy,,223.0,False,False,70,45,48,60,65,35,1,False,False,223.0
36,Clefable,Fairy,,333.0,False,False,95,70,73,95,90,60,1,False,False,333.0
37,Vulpix,Fire,,169.0,False,False,38,41,40,50,65,65,1,False,False,169.0
38,Ninetales,Fire,,305.0,False,False,73,76,75,81,100,100,1,False,False,305.0
39,Jigglypuff,Normal,Fairy,225.0,False,False,115,45,20,45,25,20,1,False,False,225.0
40,Wigglytuff,Normal,Fairy,340.0,False,False,140,70,45,85,50,45,1,False,False,340.0
41,Zubat,Poison,Flying,150.0,False,False,40,45,35,30,40,55,1,False,False,150.0
42,Golbat,Poison,Flying,290.0,False,False,75,80,70,65,75,90,1,False,False,290.0
43,Oddish,Grass,Poison,225.0,False,False,45,50,55,75,65,30,1,False,False,225.0
44,Gloom,Grass,Poison,280.0,False,False,60,65,70,85,75,40,1,False,False,280.0
45,Vileplume,Grass,Poison,350.0,False,False,75,80,85,110,90,50,1,False,False,350.0
46,Paras,Bug,Grass,205.0,False,False,35,70,55,45,55,25,1,False,False,205.0
47,Parasect,Bug,Grass,295.0,False,False,60,95,80,60,80,30,1,False,False,295.0
48,Venonat,Bug,Poison,205.0,False,False,60,55,50,40,55,45,1,False,False,205.0
49,Venomoth,Bug,Poison,285.0,False,False,70,65,60,90,75,90,1,False,False,285.0
50,Diglett,Ground,,125.0,False,False,10,55,25,35,45,95,1,False,False,125.0
51,Dugtrio,Ground,,215.0,False,False,35,80,50,50,70,120,1,False,False,215.0
52,Meowth,Normal,,160.0,False,False,40,45,35,40,40,90,1,False,False,160.0
53,Persian,Normal,,260.0,False,False,65,70,60,65,65,115,1,False,False,260.0
54,Psyduck,Water,,215.0,False,False,50,52,48,65,50,55,1,False,False,215.0
55,Golduck,Water,,335.0,False,False,80,82,78,95,80,85,1,False,False,335.0
56,Mankey,Fighting,,190.0,False,False,40,80,35,35,45,70,1,False,False,190.0
57,Primeape,Fighting,,290.0,False,False,65,105,60,60,70,95,1,False,False,290.0
58,Growlithe,Fire,,240.0,False,False,55,70,45,70,50,60,1,False,False,240.0
59,Arcanine,Fire,,380.0,False,False,90,110,80,100,80,95,1,False,False,380.0
60,Poliwag,Water,,170.0,False,False,40,50,40,40,40,90,1,False,False,170.0
61,Poliwhirl,Water,,245.0,False,False,65,65,65,50,50,90,1,False,False,245.0
62,Poliwrath,Water,Fighting,350.0,False,False,90,95,95,70,90,70,1,False,False,350.0
63,Abra,Psychic,,165.0,False,False,25,20,15,105,55,90,1,False,False,165.0
64,Kadabra,Psychic,,225.0,False,False,40,35,30,120,70,105,1,False,False,225.0
65,Alakazam,Psychic,,285.0,False,False,55,50,45,135,95,120,1,False,False,285.0
65,AlakazamMega Alakazam,Psychic,,345.0,False,False,55,50,65,175,95,150,1,False,False,345.0
66,Machop,Fighting,,235.0,False,False,70,80,50,35,35,35,1,False,False,235.0
67,Machoke,Fighting,,300.0,False,False,80,100,70,50,60,45,1,False,False,300.0
68,Machamp,Fighting,,365.0,False,False,90,130,80,65,85,55,1,False,False,365.0
69,Bellsprout,Grass,Poison,230.0,False,False,50,75,35,70,30,40,1,False,False,230.0
70,Weepinbell,Grass,Poison,290.0,False,False,65,90,50,85,45,55,1,False,False,290.0
71,Victreebel,Grass,Poison,350.0,False,False,80,105,65,100,70,70,1,False,False,350.0
72,Tentacool,Water,Poison,165.0,False,False,40,40,35,50,100,70,1,False,False,165.0
73,Tentacruel,Water,Poison,295.0,False,False,80,70,65,80,120,100,1,False,False,295.0
74,Geodude,Rock,Ground,250.0,False,False,40,80,100,30,30,20,1,False,False,250.0
75,Graveler,Rock,Ground,310.0,False,False,55,95,115,45,45,35,1,False,False,310.0
76,Golem,Rock,Ground,385.0,False,False,80,120,130,55,65,45,1,False,False,385.0
77,Ponyta,Fire,,255.0,False,False,50,85,55,65,65,90,1,False,False,255.0
78,Rapidash,Fire,,315.0,False,False,65,100,70,80,80,105,1,False,False,315.0
79,Slowpoke,Water,Psychic,260.0,False,False,90,65,65,40,40,15,1,False,False,260.0
80,Slowbro,Water,Psychic,380.0,False,False,95,75,110,100,80,30,1,False,False,380.0
80,SlowbroMega Slowbro,Water,Psychic,480.0,False,False,95,75,180,130,80,30,1,False,False,480.0
81,Magnemite,Electric,Steel,225.0,False,False,25,35,70,95,55,45,1,False,False,225.0
82,Magneton,Electric,Steel,325.0,False,False,50,60,95,120,70,70,1,False,False,325.0
83,Farfetch'd,Normal,Flying,230.0,False,False,52,65,55,58,62,60,1,False,False,230.0
84,Doduo,Normal,Flying,200.0,False,False,35,85,45,35,35,75,1,False,False,200.0
85,Dodrio,Normal,Flying,300.0,False,False,60,110,70,60,60,100,1,False,False,300.0
86,Seel,Water,,210.0,False,False,65,45,55,45,70,45,1,False,False,210.0
87,Dewgong,Water,Ice,310.0,False,False,90,70,80,70,95,70,1,False,False,310.0
88,Grimer,Poison,,250.0,False,False,80,80,50,40,50,25,1,False,False,250.0
89,Muk,Poison,,350.0,False,False,105,105,75,65,100,50,1,False,False,350.0
90,Shellder,Water,,240.0,False,False,30,65,100,45,25,40,1,False,False,240.0
91,Cloyster,Water,Ice,410.0,False,False,50,95,180,85,45,70,1,False,False,410.0
92,Gastly,Ghost,Poison,195.0,False,False,30,35,30,100,35,80,1,False,False,195.0
93,Haunter,Ghost,Poison,255.0,False,False,45,50,45,115,55,95,1,False,False,255.0
94,Gengar,Ghost,Poison,315.0,False,False,60,65,60,130,75,110,1,False,False,315.0
94,GengarMega Gengar,Ghost,Poison,375.0,False,False,60,65,80,170,95,130,1,False,False,375.0
95,Onix,Rock,Ground,270.0,False,False,35,45,160,30,45,70,1,False,False,270.0
96,Drowzee,Psychic,,196.0,False,False,60,48,45,43,90,42,1,False,False,196.0
97,Hypno,Psychic,,301.0,False,False,85,73,70,73,115,67,1,False,False,301.0
98,Krabby,Water,,250.0,False,False,30,105,90,25,25,50,1,False,False,250.0
99,Kingler,Water,,350.0,False,False,55,130,115,50,50,75,1,False,False,350.0
100,Voltorb,Electric,,175.0,False,False,40,30,50,55,55,100,1,False,False,175.0
101,Electrode,Electric,,260.0,False,False,60,50,70,80,80,140,1,False,False,260.0
102,Exeggcute,Grass,Psychic,240.0,False,False,60,40,80,60,45,40,1,False,False,240.0
103,Exeggutor,Grass,Psychic,400.0,False,False,95,95,85,125,65,55,1,False,False,400.0
104,Cubone,Ground,,235.0,False,False,50,50,95,40,50,35,1,False,False,235.0
105,Marowak,Ground,,300.0,False,False,60,80,110,50,80,45,1,False,False,300.0
106,Hitmonlee,Fighting,,258.0,False,False,50,120,53,35,110,87,1,False,False,258.0
107,Hitmonchan,Fighting,,269.0,False,False,50,105,79,35,110,76,1,False,False,269.0
108,Lickitung,Normal,,280.0,False,False,90,55,75,60,75,30,1,False,False,280.0
109,Koffing,Poison,,260.0,False,False,40,65,95,60,45,35,1,False,False,260.0
110,Weezing,Poison,,360.0,False,False,65,90,120,85,70,60,1,False,False,360.0
111,Rhyhorn,Ground,Rock,290.0,False,False,80,85,95,30,30,25,1,False,False,290.0
112,Rhydon,Ground,Rock,400.0,False,False,105,130,120,45,45,40,1,False,False,400.0
113,Chansey,Normal,,295.0,False,False,250,5,5,35,105,50,1,False,False,295.0
114,Tangela,Grass,,335.0,False,False,65,55,115,100,40,60,1,False,False,335.0
115,Kangaskhan,Normal,,320.0,False,False,105,95,80,40,80,90,1,False,False,320.0
115,KangaskhanMega Kangaskhan,Normal,,390.0,False,False,105,125,100,60,100,100,1,False,False,390.0
116,Horsea,Water,,210.0,False,False,30,40,70,70,25,60,1,False,False,210.0
117,Seadra,Water,,310.0,False,False,55,65,95,95,45,85,1,False,False,310.0
118,Goldeen,Water,,207.0,False,False,45,67,60,35,50,63,1,False,False,207.0
119,Seaking,Water,,302.0,False,False,80,92,65,65,80,68,1,False,False,302.0
120,Staryu,Water,,200.0,False,False,30,45,55,70,55,85,1,False,False,200.0
121,Starmie,Water,Psychic,320.0,False,False,60,75,85,100,85,115,1,False,False,320.0
122,Mr. Mime,Psychic,Fairy,250.0,False,False,40,45,65,100,120,90,1,False,False,250.0
123,Scyther,Bug,Flying,315.0,False,False,70,110,80,55,80,105,1,False,False,315.0
124,Jynx,Ice,Psychic,265.0,False,False,65,50,35,115,95,95,1,False,False,265.0
125,Electabuzz,Electric,,300.0,False,False,65,83,57,95,85,105,1,False,False,300.0
126,Magmar,Fire,,317.0,False,False,65,95,57,100,85,93,1,False,False,317.0
127,Pinsir,Bug,,345.0,False,False,65,125,100,55,70,85,1,False,False,345.0
127,PinsirMega Pinsir,Bug,Flying,405.0,False,False,65,155,120,65,90,105,1,False,False,405.0
128,Tauros,Normal,,310.0,False,False,75,100,95,40,70,110,1,False,False,310.0
129,Magikarp,Water,,100.0,False,False,20,10,55,15,20,80,1,False,False,100.0
130,Gyarados,Water,Flying,359.0,False,False,95,125,79,60,100,81,1,False,False,359.0
130,GyaradosMega Gyarados,Water,Dark,429.0,False,False,95,155,109,70,130,81,1,False,False,429.0
131,Lapras,Water,Ice,380.0,False,False,130,85,80,85,95,60,1,False,False,380.0
132,Ditto,Normal,,192.0,False,False,48,48,48,48,48,48,1,False,False,192.0
133,Eevee,Normal,,205.0,False,False,55,55,50,45,65,55,1,False,False,205.0
134,Vaporeon,Water,,365.0,False,False,130,65,60,110,95,65,1,False,False,365.0
135,Jolteon,Electric,,300.0,False,False,65,65,60,110,95,130,1,False,False,300.0
136,Flareon,Fire,,350.0,False,False,65,130,60,95,110,65,1,False,False,350.0
137,Porygon,Normal,,280.0,False,False,65,60,70,85,75,40,1,False,False,280.0
138,Omanyte,Rock,Water,265.0,False,False,35,40,100,90,55,35,1,False,False,265.0
139,Omastar,Rock,Water,370.0,False,False,70,60,125,115,70,55,1,False,False,370.0
140,Kabuto,Rock,Water,255.0,False,False,30,80,90,55,45,55,1,False,False,255.0
141,Kabutops,Rock,Water,345.0,False,False,60,115,105,65,70,80,1,False,False,345.0
142,Aerodactyl,Rock,Flying,310.0,False,False,80,105,65,60,75,130,1,False,False,310.0
142,AerodactylMega Aerodactyl,Rock,Flying,370.0,False,False,80,135,85,70,95,150,1,False,False,370.0
143,Snorlax,Normal,,400.0,False,False,160,110,65,65,110,30,1,False,False,400.0
144,Articuno,Ice,Flying,371.0,True,True,90,85,100,95,125,85,1,True,True,371.0
145,Zapdos,Electric,Flying,391.0,True,True,90,90,85,125,90,100,1,True,True,391.0
146,Moltres,Fire,Flying,406.0,True,True,90,100,90,125,85,90,1,True,True,406.0
147,Dratini,Dragon,,200.0,False,False,41,64,45,50,50,50,1,False,False,200.0
148,Dragonair,Dragon,,280.0,False,False,61,84,65,70,70,70,1,False,False,280.0
149,Dragonite,Dragon,Flying,420.0,False,False,91,134,95,100,100,80,1,False,False,420.0
150,Mewtwo,Psychic,,461.0,True,True,106,110,90,154,90,130,1,True,True,461.0
150,MewtwoMega Mewtwo X,Psychic,Fighting,551.0,True,True,106,190,100,154,100,130,1,True,True,551.0
150,MewtwoMega Mewtwo Y,Psychic,,521.0,True,True,106,150,70,194,120,140,1,True,True,521.0
151,Mew,Psychic,,400.0,False,False,100,100,100,100,100,100,1,False,False,400.0
152,Chikorita,Grass,,208.0,False,False,45,49,65,49,65,45,2,False,False,208.0
153,Bayleef,Grass,,265.0,False,False,60,62,80,63,80,60,2,False,False,265.0
154,Meganium,Grass,,345.0,False,False,80,82,100,83,100,80,2,False,False,345.0
155,Cyndaquil,Fire,,194.0,False,False,39,52,43,60,50,65,2,False,False,194.0
156,Quilava,Fire,,260.0,False,False,58,64,58,80,65,80,2,False,False,260.0
157,Typhlosion,Fire,,349.0,False,False,78,84,78,109,85,100,2,False,False,349.0
158,Totodile,Water,,223.0,False,False,50,65,64,44,48,43,2,False,False,223.0
159,Croconaw,Water,,284.0,False,False,65,80,80,59,63,58,2,False,False,284.0
160,Feraligatr,Water,,369.0,False,False,85,105,100,79,83,78,2,False,False,369.0
161,Sentret,Normal,,150.0,False,False,35,46,34,35,45,20,2,False,False,150.0
162,Furret,Normal,,270.0,False,False,85,76,64,45,55,90,2,False,False,270.0
163,Hoothoot,Normal,Flying,156.0,False,False,60,30,30,36,56,50,2,False,False,156.0
164,Noctowl,Normal,Flying,276.0,False,False,100,50,50,76,96,70,2,False,False,276.0
165,Ledyba,Bug,Flying,130.0,False,False,40,20,30,40,80,55,2,False,False,130.0
166,Ledian,Bug,Flying,195.0,False,False,55,35,50,55,110,85,2,False,False,195.0
167,Spinarak,Bug,Poison,180.0,False,False,40,60,40,40,40,30,2,False,False,180.0
168,Ariados,Bug,Poison,290.0,False,False,70,90,70,60,60,40,2,False,False,290.0
169,Crobat,Poison,Flying,325.0,False,False,85,90,80,70,80,130,2,False,False,325.0
170,Chinchou,Water,Electric,207.0,False,False,75,38,38,56,56,67,2,False,False,207.0
171,Lanturn,Water,Electric,317.0,False,False,125,58,58,76,76,67,2,False,False,317.0
172,Pichu,Electric,,110.0,False,False,20,40,15,35,35,60,2,False,False,110.0
173,Cleffa,Fairy,,148.0,False,False,50,25,28,45,55,15,2,False,False,148.0
174,Igglybuff,Normal,Fairy,175.0,False,False,90,30,15,40,20,15,2,False,False,175.0
175,Togepi,Fairy,,160.0,False,False,35,20,65,40,65,20,2,False,False,160.0
176,Togetic,Fairy,Flying,260.0,False,False,55,40,85,80,105,40,2,False,False,260.0
177,Natu,Psychic,Flying,205.0,False,False,40,50,45,70,45,70,2,False,False,205.0
178,Xatu,Psychic,Flying,305.0,False,False,65,75,70,95,70,95,2,False,False,305.0
179,Mareep,Electric,,200.0,False,False,55,40,40,65,45,35,2,False,False,200.0
180,Flaaffy,Electric,,260.0,False,False,70,55,55,80,60,45,2,False,False,260.0
181,Ampharos,Electric,,365.0,False,False,90,75,85,115,90,55,2,False,False,365.0
181,AmpharosMega Ampharos,Electric,Dragon,455.0,False,False,90,95,105,165,110,45,2,False,False,455.0
182,Bellossom,Grass,,340.0,False,False,75,80,95,90,100,50,2,False,False,340.0
183,Marill,Water,Fairy,160.0,False,False,70,20,50,20,50,40,2,False,False,160.0
184,Azumarill,Water,Fairy,290.0,False,False,100,50,80,60,80,50,2,False,False,290.0
185,Sudowoodo,Rock,,315.0,False,False,70,100,115,30,65,30,2,False,False,315.0
186,Politoed,Water,,330.0,False,False,90,75,75,90,100,70,2,False,False,330.0
187,Hoppip,Grass,Flying,145.0,False,False,35,35,40,35,55,50,2,False,False,145.0
188,Skiploom,Grass,Flying,195.0,False,False,55,45,50,45,65,80,2,False,False,195.0
189,Jumpluff,Grass,Flying,255.0,False,False,75,55,70,55,95,110,2,False,False,255.0
190,Aipom,Normal,,220.0,False,False,55,70,55,40,55,85,2,False,False,220.0
191,Sunkern,Grass,,120.0,False,False,30,30,30,30,30,30,2,False,False,120.0
192,Sunflora,Grass,,310.0,False,False,75,75,55,105,85,30,2,False,False,310.0
193,Yanma,Bug,Flying,250.0,False,False,65,65,45,75,45,95,2,False,False,250.0
194,Wooper,Water,Ground,170.0,False,False,55,45,45,25,25,15,2,False,False,170.0
195,Quagsire,Water,Ground,330.0,False,False,95,85,85,65,65,35,2,False,False,330.0
196,Espeon,Psychic,,320.0,False,False,65,65,60,130,95,110,2,False,False,320.0
197,Umbreon,Dark,,330.0,False,False,95,65,110,60,130,65,2,False,False,330.0
198,Murkrow,Dark,Flying,272.0,False,False,60,85,42,85,42,91,2,False,False,272.0
199,Slowking,Water,Psychic,350.0,False,False,95,75,80,100,110,30,2,False,False,350.0
200,Misdreavus,Ghost,,265.0,False,False,60,60,60,85,85,85,2,False,False,265.0
201,Unown,Psychic,,240.0,False,False,48,72,48,72,48,48,2,False,False,240.0
202,Wobbuffet,Psychic,,314.0,False,False,190,33,58,33,58,33,2,False,False,314.0
203,Girafarig,Normal,Psychic,305.0,False,False,70,80,65,90,65,85,2,False,False,305.0
204,Pineco,Bug,,240.0,False,False,50,65,90,35,35,15,2,False,False,240.0
205,Forretress,Bug,Steel,365.0,False,False,75,90,140,60,60,40,2,False,False,365.0
206,Dunsparce,Normal,,305.0,False,False,100,70,70,65,65,45,2,False,False,305.0
207,Gligar,Ground,Flying,280.0,False,False,65,75,105,35,65,85,2,False,False,280.0
208,Steelix,Steel,Ground,415.0,False,False,75,85,200,55,65,30,2,False,False,415.0
208,SteelixMega Steelix,Steel,Ground,485.0,False,False,75,125,230,55,95,30,2,False,False,485.0
209,Snubbull,Fairy,,230.0,False,False,60,80,50,40,40,30,2,False,False,230.0
210,Granbull,Fairy,,345.0,False,False,90,120,75,60,60,45,2,False,False,345.0
211,Qwilfish,Water,Poison,290.0,False,False,65,95,75,55,55,85,2,False,False,290.0
212,Scizor,Bug,Steel,355.0,False,False,70,130,100,55,80,65,2,False,False,355.0
212,ScizorMega Scizor,Bug,Steel,425.0,False,False,70,150,140,65,100,75,2,False,False,425.0
213,Shuckle,Bug,Rock,270.0,False,False,20,10,230,10,230,5,2,False,False,270.0
214,Heracross,Bug,Fighting,320.0,False,False,80,125,75,40,95,85,2,False,False,320.0
214,HeracrossMega Heracross,Bug,Fighting,420.0,False,False,80,185,115,40,105,75,2,False,False,420.0
215,Sneasel,Dark,Ice,240.0,False,False,55,95,55,35,75,115,2,False,False,240.0
216,Teddiursa,Normal,,240.0,False,False,60,80,50,50,50,40,2,False,False,240.0
217,Ursaring,Normal,,370.0,False,False,90,130,75,75,75,55,2,False,False,370.0
218,Slugma,Fire,,190.0,False,False,40,40,40,70,40,20,2,False,False,190.0
219,Magcargo,Fire,Rock,300.0,False,False,50,50,120,80,80,30,2,False,False,300.0
220,Swinub,Ice,Ground,170.0,False,False,50,50,40,30,30,50,2,False,False,170.0
221,Piloswine,Ice,Ground,340.0,False,False,100,100,80,60,60,50,2,False,False,340.0
222,Corsola,Water,Rock,260.0,False,False,55,55,85,65,85,35,2,False,False,260.0
223,Remoraid,Water,,200.0,False,False,35,65,35,65,35,65,2,False,False,200.0
224,Octillery,Water,,360.0,False,False,75,105,75,105,75,45,2,False,False,360.0
225,Delibird,Ice,Flying,210.0,False,False,45,55,45,65,45,75,2,False,False,210.0
226,Mantine,Water,Flying,255.0,False,False,65,40,70,80,140,70,2,False,False,255.0
227,Skarmory,Steel,Flying,325.0,False,False,65,80,140,40,70,70,2,False,False,325.0
228,Houndour,Dark,Fire,215.0,False,False,45,60,30,80,50,65,2,False,False,215.0
229,Houndoom,Dark,Fire,325.0,False,False,75,90,50,110,80,95,2,False,False,325.0
229,HoundoomMega Houndoom,Dark,Fire,395.0,False,False,75,90,90,140,90,115,2,False,False,395.0
230,Kingdra,Water,Dragon,360.0,False,False,75,95,95,95,95,85,2,False,False,360.0
231,Phanpy,Ground,,250.0,False,False,90,60,60,40,40,40,2,False,False,250.0
232,Donphan,Ground,,390.0,False,False,90,120,120,60,60,50,2,False,False,390.0
233,Porygon2,Normal,,360.0,False,False,85,80,90,105,95,60,2,False,False,360.0
234,Stantler,Normal,,315.0,False,False,73,95,62,85,65,85,2,False,False,315.0
235,Smeargle,Normal,,130.0,False,False,55,20,35,20,45,75,2,False,False,130.0
236,Tyrogue,Fighting,,140.0,False,False,35,35,35,35,35,35,2,False,False,140.0
237,Hitmontop,Fighting,,275.0,False,False,50,95,95,35,110,70,2,False,False,275.0
238,Smoochum,Ice,Psychic,175.0,False,False,45,30,15,85,65,65,2,False,False,175.0
239,Elekid,Electric,,210.0,False,False,45,63,37,65,55,95,2,False,False,210.0
240,Magby,Fire,,227.0,False,False,45,75,37,70,55,83,2,False,False,227.0
241,Miltank,Normal,,320.0,False,False,95,80,105,40,70,100,2,False,False,320.0
242,Blissey,Normal,,350.0,False,False,255,10,10,75,135,55,2,False,False,350.0
243,Raikou,Electric,,366.0,True,True,90,85,75,115,100,115,2,True,True,366.0
244,Entei,Fire,,406.0,True,True,115,115,85,90,75,100,2,True,True,406.0
245,Suicune,Water,,381.0,True,True,100,75,115,90,115,85,2,True,True,381.0
246,Larvitar,Rock,Ground,209.0,False,False,50,64,50,45,50,41,2,False,False,209.0
247,Pupitar,Rock,Ground,289.0,False,False,70,84,70,65,70,51,2,False,False,289.0
248,Tyranitar,Rock,Dark,439.0,False,False,100,134,110,95,100,61,2,False,False,439.0
248,TyranitarMega Tyranitar,Rock,Dark,509.0,False,False,100,164,150,95,120,71,2,False,False,509.0
249,Lugia,Psychic,Flying,417.0,True,True,106,90,130,90,154,110,2,True,True,417.0
250,Ho-oh,Fire,Flying,437.0,True,True,106,130,90,110,154,90,2,True,True,437.0
251,Celebi,Psychic,Grass,400.0,False,False,100,100,100,100,100,100,2,False,False,400.0
252,Treecko,Grass,,185.0,False,False,40,45,35,65,55,70,3,False,False,185.0
253,Grovyle,Grass,,245.0,False,False,50,65,45,85,65,95,3,False,False,245.0
254,Sceptile,Grass,,325.0,False,False,70,85,65,105,85,120,3,False,False,325.0
254,SceptileMega Sceptile,Grass,Dragon,400.0,False,False,70,110,75,145,85,145,3,False,False,400.0
255,Torchic,Fire,,215.0,False,False,45,60,40,70,50,45,3,False,False,215.0
256,Combusken,Fire,Fighting,290.0,False,False,60,85,60,85,60,55,3,False,False,290.0
257,Blaziken,Fire,Fighting,380.0,False,False,80,120,70,110,70,80,3,False,False,380.0
257,BlazikenMega Blaziken,Fire,Fighting,450.0,False,False,80,160,80,130,80,100,3,False,False,450.0
258,Mudkip,Water,,220.0,False,False,50,70,50,50,50,40,3,False,False,220.0
259,Marshtomp,Water,Ground,285.0,False,False,70,85,70,60,70,50,3,False,False,285.0
260,Swampert,Water,Ground,385.0,False,False,100,110,90,85,90,60,3,False,False,385.0
260,SwampertMega Swampert,Water,Ground,455.0,False,False,100,150,110,95,110,70,3,False,False,455.0
261,Poochyena,Dark,,155.0,False,False,35,55,35,30,30,35,3,False,False,155.0
262,Mightyena,Dark,,290.0,False,False,70,90,70,60,60,70,3,False,False,290.0
263,Zigzagoon,Normal,,139.0,False,False,38,30,41,30,41,60,3,False,False,139.0
264,Linoone,Normal,,259.0,False,False,78,70,61,50,61,100,3,False,False,259.0
265,Wurmple,Bug,,145.0,False,False,45,45,35,20,30,20,3,False,False,145.0
266,Silcoon,Bug,,165.0,False,False,50,35,55,25,25,15,3,False,False,165.0
267,Beautifly,Bug,Flying,280.0,False,False,60,70,50,100,50,65,3,False,False,280.0
268,Cascoon,Bug,,165.0,False,False,50,35,55,25,25,15,3,False,False,165.0
269,Dustox,Bug,Poison,230.0,False,False,60,50,70,50,90,65,3,False,False,230.0
270,Lotad,Water,Grass,140.0,False,False,40,30,30,40,50,30,3,False,False,140.0
271,Lombre,Water,Grass,220.0,False,False,60,50,50,60,70,50,3,False,False,220.0
272,Ludicolo,Water,Grass,310.0,False,False,80,70,70,90,100,70,3,False,False,310.0
273,Seedot,Grass,,160.0,False,False,40,40,50,30,30,30,3,False,False,160.0
274,Nuzleaf,Grass,Dark,240.0,False,False,70,70,40,60,40,60,3,False,False,240.0
275,Shiftry,Grass,Dark,340.0,False,False,90,100,60,90,60,80,3,False,False,340.0
276,Taillow,Normal,Flying,155.0,False,False,40,55,30,30,30,85,3,False,False,155.0
277,Swellow,Normal,Flying,255.0,False,False,60,85,60,50,50,125,3,False,False,255.0
278,Wingull,Water,Flying,155.0,False,False,40,30,30,55,30,85,3,False,False,155.0
279,Pelipper,Water,Flying,295.0,False,False,60,50,100,85,70,65,3,False,False,295.0
280,Ralts,Psychic,Fairy,123.0,False,False,28,25,25,45,35,40,3,False,False,123.0
281,Kirlia,Psychic,Fairy,173.0,False,False,38,35,35,65,55,50,3,False,False,173.0
282,Gardevoir,Psychic,Fairy,323.0,False,False,68,65,65,125,115,80,3,False,False,323.0
282,GardevoirMega Gardevoir,Psychic,Fairy,383.0,False,False,68,85,65,165,135,100,3,False,False,383.0
283,Surskit,Bug,Water,152.0,False,False,40,30,32,50,52,65,3,False,False,152.0
284,Masquerain,Bug,Flying,272.0,False,False,70,60,62,80,82,60,3,False,False,272.0
285,Shroomish,Grass,,200.0,False,False,60,40,60,40,60,35,3,False,False,200.0
286,Breloom,Grass,Fighting,330.0,False,False,60,130,80,60,60,70,3,False,False,330.0
287,Slakoth,Normal,,215.0,False,False,60,60,60,35,35,30,3,False,False,215.0
288,Vigoroth,Normal,,295.0,False,False,80,80,80,55,55,90,3,False,False,295.0
289,Slaking,Normal,,505.0,False,False,150,160,100,95,65,100,3,False,False,505.0
290,Nincada,Bug,Ground,196.0,False,False,31,45,90,30,30,40,3,False,False,196.0
291,Ninjask,Bug,Flying,246.0,False,False,61,90,45,50,50,160,3,False,False,246.0
292,Shedinja,Bug,Ghost,166.0,False,False,1,90,45,30,30,40,3,False,False,166.0
293,Whismur,Normal,,189.0,False,False,64,51,23,51,23,28,3,False,False,189.0
294,Loudred,Normal,,269.0,False,False,84,71,43,71,43,48,3,False,False,269.0
295,Exploud,Normal,,349.0,False,False,104,91,63,91,73,68,3,False,False,349.0
296,Makuhita,Fighting,,182.0,False,False,72,60,30,20,30,25,3,False,False,182.0
297,Hariyama,Fighting,,364.0,False,False,144,120,60,40,60,50,3,False,False,364.0
298,Azurill,Normal,Fairy,130.0,False,False,50,20,40,20,40,20,3,False,False,130.0
299,Nosepass,Rock,,255.0,False,False,30,45,135,45,90,30,3,False,False,255.0
300,Skitty,Normal,,175.0,False,False,50,45,45,35,35,50,3,False,False,175.0
301,Delcatty,Normal,,255.0,False,False,70,65,65,55,55,70,3,False,False,255.0
302,Sableye,Dark,Ghost,265.0,False,False,50,75,75,65,65,50,3,False,False,265.0
302,SableyeMega Sableye,Dark,Ghost,345.0,False,False,50,85,125,85,115,20,3,False,False,345.0
303,Mawile,Steel,Fairy,275.0,False,False,50,85,85,55,55,50,3,False,False,275.0
303,MawileMega Mawile,Steel,Fairy,335.0,False,False,50,105,125,55,95,50,3,False,False,335.0
304,Aron,Steel,Rock,260.0,False,False,50,70,100,40,40,30,3,False,False,260.0
305,Lairon,Steel,Rock,340.0,False,False,60,90,140,50,50,40,3,False,False,340.0
306,Aggron,Steel,Rock,420.0,False,False,70,110,180,60,60,50,3,False,False,420.0
306,AggronMega Aggron,Steel,,500.0,False,False,70,140,230,60,80,50,3,False,False,500.0
307,Meditite,Fighting,Psychic,165.0,False,False,30,40,55,40,55,60,3,False,False,165.0
308,Medicham,Fighting,Psychic,255.0,False,False,60,60,75,60,75,80,3,False,False,255.0
308,MedichamMega Medicham,Fighting,Psychic,325.0,False,False,60,100,85,80,85,100,3,False,False,325.0
309,Electrike,Electric,,190.0,False,False,40,45,40,65,40,65,3,False,False,190.0
310,Manectric,Electric,,310.0,False,False,70,75,60,105,60,105,3,False,False,310.0
310,ManectricMega Manectric,Electric,,360.0,False,False,70,75,80,135,80,135,3,False,False,360.0
311,Plusle,Electric,,235.0,False,False,60,50,40,85,75,95,3,False,False,235.0
312,Minun,Electric,,225.0,False,False,60,40,50,75,85,95,3,False,False,225.0
313,Volbeat,Bug,,240.0,False,False,65,73,55,47,75,85,3,False,False,240.0
314,Illumise,Bug,,240.0,False,False,65,47,55,73,75,85,3,False,False,240.0
315,Roselia,Grass,Poison,255.0,False,False,50,60,45,100,80,65,3,False,False,255.0
316,Gulpin,Poison,,209.0,False,False,70,43,53,43,53,40,3,False,False,209.0
317,Swalot,Poison,,329.0,False,False,100,73,83,73,83,55,3,False,False,329.0
318,Carvanha,Water,Dark,220.0,False,False,45,90,20,65,20,65,3,False,False,220.0
319,Sharpedo,Water,Dark,325.0,False,False,70,120,40,95,40,95,3,False,False,325.0
319,SharpedoMega Sharpedo,Water,Dark,390.0,False,False,70,140,70,110,65,105,3,False,False,390.0
320,Wailmer,Water,,305.0,False,False,130,70,35,70,35,60,3,False,False,305.0
321,Wailord,Water,,395.0,False,False,170,90,45,90,45,60,3,False,False,395.0
322,Numel,Fire,Ground,225.0,False,False,60,60,40,65,45,35,3,False,False,225.0
323,Camerupt,Fire,Ground,345.0,False,False,70,100,70,105,75,40,3,False,False,345.0
323,CameruptMega Camerupt,Fire,Ground,435.0,False,False,70,120,100,145,105,20,3,False,False,435.0
324,Torkoal,Fire,,380.0,False,False,70,85,140,85,70,20,3,False,False,380.0
325,Spoink,Psychic,,190.0,False,False,60,25,35,70,80,60,3,False,False,190.0
326,Grumpig,Psychic,,280.0,False,False,80,45,65,90,110,80,3,False,False,280.0
327,Spinda,Normal,,240.0,False,False,60,60,60,60,60,60,3,False,False,240.0
328,Trapinch,Ground,,235.0,False,False,45,100,45,45,45,10,3,False,False,235.0
329,Vibrava,Ground,Dragon,220.0,False,False,50,70,50,50,50,70,3,False,False,220.0
330,Flygon,Ground,Dragon,340.0,False,False,80,100,80,80,80,100,3,False,False,340.0
331,Cacnea,Grass,,260.0,False,False,50,85,40,85,40,35,3,False,False,260.0
332,Cacturne,Grass,Dark,360.0,False,False,70,115,60,115,60,55,3,False,False,360.0
333,Swablu,Normal,Flying,185.0,False,False,45,40,60,40,75,50,3,False,False,185.0
334,Altaria,Dragon,Flying,305.0,False,False,75,70,90,70,105,80,3,False,False,305.0
334,AltariaMega Altaria,Dragon,Fairy,405.0,False,False,75,110,110,110,105,80,3,False,False,405.0
335,Zangoose,Normal,,308.0,False,False,73,115,60,60,60,90,3,False,False,308.0
336,Seviper,Poison,,333.0,False,False,73,100,60,100,60,65,3,False,False,333.0
337,Lunatone,Rock,Psychic,285.0,False,False,70,55,65,95,85,70,3,False,False,285.0
338,Solrock,Rock,Psychic,305.0,False,False,70,95,85,55,65,70,3,False,False,305.0
339,Barboach,Water,Ground,187.0,False,False,50,48,43,46,41,60,3,False,False,187.0
340,Whiscash,Water,Ground,337.0,False,False,110,78,73,76,71,60,3,False,False,337.0
341,Corphish,Water,,238.0,False,False,43,80,65,50,35,35,3,False,False,238.0
342,Crawdaunt,Water,Dark,358.0,False,False,63,120,85,90,55,55,3,False,False,358.0
343,Baltoy,Ground,Psychic,175.0,False,False,40,40,55,40,70,55,3,False,False,175.0
344,Claydol,Ground,Psychic,305.0,False,False,60,70,105,70,120,75,3,False,False,305.0
345,Lileep,Rock,Grass,245.0,False,False,66,41,77,61,87,23,3,False,False,245.0
346,Cradily,Rock,Grass,345.0,False,False,86,81,97,81,107,43,3,False,False,345.0
347,Anorith,Rock,Bug,230.0,False,False,45,95,50,40,50,75,3,False,False,230.0
348,Armaldo,Rock,Bug,370.0,False,False,75,125,100,70,80,45,3,False,False,370.0
349,Feebas,Water,,65.0,False,False,20,15,20,10,55,80,3,False,False,65.0
350,Milotic,Water,,334.0,False,False,95,60,79,100,125,81,3,False,False,334.0
351,Castform,Normal,,280.0,False,False,70,70,70,70,70,70,3,False,False,280.0
352,Kecleon,Normal,,280.0,False,False,60,90,70,60,120,40,3,False,False,280.0
353,Shuppet,Ghost,,217.0,False,False,44,75,35,63,33,45,3,False,False,217.0
354,Banette,Ghost,,327.0,False,False,64,115,65,83,63,65,3,False,False,327.0
354,BanetteMega Banette,Ghost,,397.0,False,False,64,165,75,93,83,75,3,False,False,397.0
355,Duskull,Ghost,,180.0,False,False,20,40,90,30,90,25,3,False,False,180.0
356,Dusclops,Ghost,,300.0,False,False,40,70,130,60,130,25,3,False,False,300.0
357,Tropius,Grass,Flying,322.0,False,False,99,68,83,72,87,51,3,False,False,322.0
358,Chimecho,Psychic,,280.0,False,False,65,50,70,95,80,65,3,False,False,280.0
359,Absol,Dark,,330.0,False,False,65,130,60,75,60,75,3,False,False,330.0
359,AbsolMega Absol,Dark,,390.0,False,False,65,150,60,115,60,115,3,False,False,390.0
360,Wynaut,Psychic,,189.0,False,False,95,23,48,23,48,23,3,False,False,189.0
361,Snorunt,Ice,,200.0,False,False,50,50,50,50,50,50,3,False,False,200.0
362,Glalie,Ice,,320.0,False,False,80,80,80,80,80,80,3,False,False,320.0
362,GlalieMega Glalie,Ice,,400.0,False,False,80,120,80,120,80,100,3,False,False,400.0
363,Spheal,Ice,Water,215.0,False,False,70,40,50,55,50,25,3,False,False,215.0
364,Sealeo,Ice,Water,295.0,False,False,90,60,70,75,70,45,3,False,False,295.0
365,Walrein,Ice,Water,375.0,False,False,110,80,90,95,90,65,3,False,False,375.0
366,Clamperl,Water,,258.0,False,False,35,64,85,74,55,32,3,False,False,258.0
367,Huntail,Water,,358.0,False,False,55,104,105,94,75,52,3,False,False,358.0
368,Gorebyss,Water,,358.0,False,False,55,84,105,114,75,52,3,False,False,358.0
369,Relicanth,Water,Rock,365.0,False,False,100,90,130,45,65,55,3,False,False,365.0
370,Luvdisc,Water,,168.0,False,False,43,30,55,40,65,97,3,False,False,168.0
371,Bagon,Dragon,,220.0,False,False,45,75,60,40,30,50,3,False,False,220.0
372,Shelgon,Dragon,,320.0,False,False,65,95,100,60,50,50,3,False,False,320.0
373,Salamence,Dragon,Flying,420.0,False,False,95,135,80,110,80,100,3,False,False,420.0
373,SalamenceMega Salamence,Dragon,Flying,490.0,False,False,95,145,130,120,90,120,3,False,False,490.0
374,Beldum,Steel,Psychic,210.0,False,False,40,55,80,35,60,30,3,False,False,210.0
375,Metang,Steel,Psychic,290.0,False,False,60,75,100,55,80,50,3,False,False,290.0
376,Metagross,Steel,Psychic,440.0,False,False,80,135,130,95,90,70,3,False,False,440.0
376,MetagrossMega Metagross,Steel,Psychic,480.0,False,False,80,145,150,105,110,110,3,False,False,480.0
377,Regirock,Rock,,431.0,True,True,80,100,200,50,100,50,3,True,True,431.0
378,Regice,Ice,,331.0,True,True,80,50,100,100,200,50,3,True,True,331.0
379,Registeel,Steel,,381.0,True,True,80,75,150,75,150,50,3,True,True,381.0
380,Latias,Dragon,Psychic,361.0,True,True,80,80,90,110,130,110,3,True,True,361.0
380,LatiasMega Latias,Dragon,Psychic,441.0,True,True,80,100,120,140,150,110,3,True,True,441.0
381,Latios,Dragon,Psychic,381.0,True,True,80,90,80,130,110,110,3,True,True,381.0
381,LatiosMega Latios,Dragon,Psychic,471.0,True,True,80,130,100,160,120,110,3,True,True,471.0
382,Kyogre,Water,,441.0,True,True,100,100,90,150,140,90,3,True,True,441.0
382,KyogrePrimal Kyogre,Water,,521.0,True,True,100,150,90,180,160,90,3,True,True,521.0
383,Groudon,Ground,,491.0,True,True,100,150,140,100,90,90,3,True,True,491.0
383,GroudonPrimal Groudon,Ground,Fire,591.0,True,True,100,180,160,150,90,90,3,True,True,591.0
384,Rayquaza,Dragon,Flying,496.0,True,True,105,150,90,150,90,95,3,True,True,496.0
384,RayquazaMega Rayquaza,Dragon,Flying,566.0,True,True,105,180,100,180,100,115,3,True,True,566.0
385,Jirachi,Steel,Psychic,401.0,True,True,100,100,100,100,100,100,3,True,True,401.0
386,DeoxysNormal Forme,Psychic,,401.0,True,True,50,150,50,150,50,150,3,True,True,401.0
386,DeoxysAttack Forme,Psychic,,431.0,True,True,50,180,20,180,20,150,3,True,True,431.0
386,DeoxysDefense Forme,Psychic,,351.0,True,True,50,70,160,70,160,90,3,True,True,351.0
386,DeoxysSpeed Forme,Psychic,,331.0,True,True,50,95,90,95,90,180,3,True,True,331.0
387,Turtwig,Grass,,232.0,False,False,55,68,64,45,55,31,4,False,False,232.0
388,Grotle,Grass,,304.0,False,False,75,89,85,55,65,36,4,False,False,304.0
389,Torterra,Grass,Ground,384.0,False,False,95,109,105,75,85,56,4,False,False,384.0
390,Chimchar,Fire,,204.0,False,False,44,58,44,58,44,61,4,False,False,204.0
391,Monferno,Fire,Fighting,272.0,False,False,64,78,52,78,52,81,4,False,False,272.0
392,Infernape,Fire,Fighting,355.0,False,False,76,104,71,104,71,108,4,False,False,355.0
393,Piplup,Water,,218.0,False,False,53,51,53,61,56,40,4,False,False,218.0
394,Prinplup,Water,,279.0,False,False,64,66,68,81,76,50,4,False,False,279.0
395,Empoleon,Water,Steel,369.0,False,False,84,86,88,111,101,60,4,False,False,369.0
396,Starly,Normal,Flying,155.0,False,False,40,55,30,30,30,60,4,False,False,155.0
397,Staravia,Normal,Flying,220.0,False,False,55,75,50,40,40,80,4,False,False,220.0
398,Staraptor,Normal,Flying,325.0,False,False,85,120,70,50,60,100,4,False,False,325.0
399,Bidoof,Normal,,179.0,False,False,59,45,40,35,40,31,4,False,False,179.0
400,Bibarel,Normal,Water,279.0,False,False,79,85,60,55,60,71,4,False,False,279.0
401,Kricketot,Bug,,128.0,False,False,37,25,41,25,41,25,4,False,False,128.0
402,Kricketune,Bug,,268.0,False,False,77,85,51,55,51,65,4,False,False,268.0
403,Shinx,Electric,,184.0,False,False,45,65,34,40,34,45,4,False,False,184.0
404,Luxio,Electric,,254.0,False,False,60,85,49,60,49,60,4,False,False,254.0
405,Luxray,Electric,,374.0,False,False,80,120,79,95,79,70,4,False,False,374.0
406,Budew,Grass,Poison,155.0,False,False,40,30,35,50,70,55,4,False,False,155.0
407,Roserade,Grass,Poison,320.0,False,False,60,70,65,125,105,90,4,False,False,320.0
408,Cranidos,Rock,,262.0,False,False,67,125,40,30,30,58,4,False,False,262.0
409,Rampardos,Rock,,387.0,False,False,97,165,60,65,50,58,4,False,False,387.0
410,Shieldon,Rock,Steel,232.0,False,False,30,42,118,42,88,30,4,False,False,232.0
411,Bastiodon,Rock,Steel,327.0,False,False,60,52,168,47,138,30,4,False,False,327.0
412,Burmy,Bug,,143.0,False,False,40,29,45,29,45,36,4,False,False,143.0
413,WormadamPlant Cloak,Bug,Grass,283.0,False,False,60,59,85,79,105,36,4,False,False,283.0
413,WormadamSandy Cloak,Bug,Ground,303.0,False,False,60,79,105,59,85,36,4,False,False,303.0
413,WormadamTrash Cloak,Bug,Steel,293.0,False,False,60,69,95,69,95,36,4,False,False,293.0
414,Mothim,Bug,Flying,308.0,False,False,70,94,50,94,50,66,4,False,False,308.0
415,Combee,Bug,Flying,132.0,False,False,30,30,42,30,42,70,4,False,False,132.0
416,Vespiquen,Bug,Flying,332.0,False,False,70,80,102,80,102,40,4,False,False,332.0
417,Pachirisu,Electric,,220.0,False,False,60,45,70,45,90,95,4,False,False,220.0
418,Buizel,Water,,215.0,False,False,55,65,35,60,30,85,4,False,False,215.0
419,Floatzel,Water,,330.0,False,False,85,105,55,85,50,115,4,False,False,330.0
420,Cherubi,Grass,,187.0,False,False,45,35,45,62,53,35,4,False,False,187.0
421,Cherrim,Grass,,287.0,False,False,70,60,70,87,78,85,4,False,False,287.0
422,Shellos,Water,,229.0,False,False,76,48,48,57,62,34,4,False,False,229.0
423,Gastrodon,Water,Ground,354.0,False,False,111,83,68,92,82,39,4,False,False,354.0
424,Ambipom,Normal,,301.0,False,False,75,100,66,60,66,115,4,False,False,301.0
425,Drifloon,Ghost,Flying,234.0,False,False,90,50,34,60,44,70,4,False,False,234.0
426,Drifblim,Ghost,Flying,364.0,False,False,150,80,44,90,54,80,4,False,False,364.0
427,Buneary,Normal,,209.0,False,False,55,66,44,44,56,85,4,False,False,209.0
428,Lopunny,Normal,,279.0,False,False,65,76,84,54,96,105,4,False,False,279.0
428,LopunnyMega Lopunny,Normal,Fighting,349.0,False,False,65,136,94,54,96,135,4,False,False,349.0
429,Mismagius,Ghost,,285.0,False,False,60,60,60,105,105,105,4,False,False,285.0
430,Honchkrow,Dark,Flying,382.0,False,False,100,125,52,105,52,71,4,False,False,382.0
431,Glameow,Normal,,188.0,False,False,49,55,42,42,37,85,4,False,False,188.0
432,Purugly,Normal,,281.0,False,False,71,82,64,64,59,112,4,False,False,281.0
433,Chingling,Psychic,,190.0,False,False,45,30,50,65,50,45,4,False,False,190.0
434,Stunky,Poison,Dark,214.0,False,False,63,63,47,41,41,74,4,False,False,214.0
435,Skuntank,Poison,Dark,334.0,False,False,103,93,67,71,61,84,4,False,False,334.0
436,Bronzor,Steel,Psychic,191.0,False,False,57,24,86,24,86,23,4,False,False,191.0
437,Bronzong,Steel,Psychic,351.0,False,False,67,89,116,79,116,33,4,False,False,351.0
438,Bonsly,Rock,,235.0,False,False,50,80,95,10,45,10,4,False,False,235.0
439,Mime Jr.,Psychic,Fairy,160.0,False,False,20,25,45,70,90,60,4,False,False,160.0
440,Happiny,Normal,,125.0,False,False,100,5,5,15,65,30,4,False,False,125.0
441,Chatot,Normal,Flying,278.0,False,False,76,65,45,92,42,91,4,False,False,278.0
442,Spiritomb,Ghost,Dark,342.0,False,False,50,92,108,92,108,35,4,False,False,342.0
443,Gible,Dragon,Ground,213.0,False,False,58,70,45,40,45,42,4,False,False,213.0
444,Gabite,Dragon,Ground,273.0,False,False,68,90,65,50,55,82,4,False,False,273.0
445,Garchomp,Dragon,Ground,413.0,False,False,108,130,95,80,85,102,4,False,False,413.0
445,GarchompMega Garchomp,Dragon,Ground,513.0,False,False,108,170,115,120,95,92,4,False,False,513.0
446,Munchlax,Normal,,300.0,False,False,135,85,40,40,85,5,4,False,False,300.0
447,Riolu,Fighting,,185.0,False,False,40,70,40,35,40,60,4,False,False,185.0
448,Lucario,Fighting,Steel,365.0,False,False,70,110,70,115,70,90,4,False,False,365.0
448,LucarioMega Lucario,Fighting,Steel,443.0,False,False,70,145,88,140,70,112,4,False,False,443.0
449,Hippopotas,Ground,,256.0,False,False,68,72,78,38,42,32,4,False,False,256.0
450,Hippowdon,Ground,,406.0,False,False,108,112,118,68,72,47,4,False,False,406.0
451,Skorupi,Poison,Bug,210.0,False,False,40,50,90,30,55,65,4,False,False,210.0
452,Drapion,Poison,Dark,330.0,False,False,70,90,110,60,75,95,4,False,False,330.0
453,Croagunk,Poison,Fighting,210.0,False,False,48,61,40,61,40,50,4,False,False,210.0
454,Toxicroak,Poison,Fighting,340.0,False,False,83,106,65,86,65,85,4,False,False,340.0
455,Carnivine,Grass,,336.0,False,False,74,100,72,90,72,46,4,False,False,336.0
456,Finneon,Water,,203.0,False,False,49,49,56,49,61,66,4,False,False,203.0
457,Lumineon,Water,,283.0,False,False,69,69,76,69,86,91,4,False,False,283.0
458,Mantyke,Water,Flying,175.0,False,False,45,20,50,60,120,50,4,False,False,175.0
459,Snover,Grass,Ice,234.0,False,False,60,62,50,62,60,40,4,False,False,234.0
460,Abomasnow,Grass,Ice,349.0,False,False,90,92,75,92,85,60,4,False,False,349.0
460,AbomasnowMega Abomasnow,Grass,Ice,459.0,False,False,90,132,105,132,105,30,4,False,False,459.0
461,Weavile,Dark,Ice,300.0,False,False,70,120,65,45,85,125,4,False,False,300.0
462,Magnezone,Electric,Steel,385.0,False,False,70,70,115,130,90,60,4,False,False,385.0
463,Lickilicky,Normal,,370.0,False,False,110,85,95,80,95,50,4,False,False,370.0
464,Rhyperior,Ground,Rock,440.0,False,False,115,140,130,55,55,40,4,False,False,440.0
465,Tangrowth,Grass,,435.0,False,False,100,100,125,110,50,50,4,False,False,435.0
466,Electivire,Electric,,360.0,False,False,75,123,67,95,85,95,4,False,False,360.0
467,Magmortar,Fire,,362.0,False,False,75,95,67,125,95,83,4,False,False,362.0
468,Togekiss,Fairy,Flying,350.0,False,False,85,50,95,120,115,80,4,False,False,350.0
469,Yanmega,Bug,Flying,364.0,False,False,86,76,86,116,56,95,4,False,False,364.0
470,Leafeon,Grass,,365.0,False,False,65,110,130,60,65,95,4,False,False,365.0
471,Glaceon,Ice,,365.0,False,False,65,60,110,130,95,65,4,False,False,365.0
472,Gliscor,Ground,Flying,340.0,False,False,75,95,125,45,75,95,4,False,False,340.0
473,Mamoswine,Ice,Ground,390.0,False,False,110,130,80,70,60,80,4,False,False,390.0
474,Porygon-Z,Normal,,370.0,False,False,85,80,70,135,75,90,4,False,False,370.0
475,Gallade,Psychic,Fighting,323.0,False,False,68,125,65,65,115,80,4,False,False,323.0
475,GalladeMega Gallade,Psychic,Fighting,393.0,False,False,68,165,95,65,115,110,4,False,False,393.0
476,Probopass,Rock,Steel,335.0,False,False,60,55,145,75,150,40,4,False,False,335.0
477,Dusknoir,Ghost,,345.0,False,False,45,100,135,65,135,45,4,False,False,345.0
478,Froslass,Ice,Ghost,300.0,False,False,70,80,70,80,70,110,4,False,False,300.0
479,Rotom,Electric,Ghost,272.0,False,False,50,50,77,95,77,91,4,False,False,272.0
479,RotomHeat Rotom,Electric,Fire,327.0,False,False,50,65,107,105,107,86,4,False,False,327.0
479,RotomWash Rotom,Electric,Water,327.0,False,False,50,65,107,105,107,86,4,False,False,327.0
479,RotomFrost Rotom,Electric,Ice,327.0,False,False,50,65,107,105,107,86,4,False,False,327.0
479,RotomFan Rotom,Electric,Flying,327.0,False,False,50,65,107,105,107,86,4,False,False,327.0
479,RotomMow Rotom,Electric,Grass,327.0,False,False,50,65,107,105,107,86,4,False,False,327.0
480,Uxie,Psychic,,356.0,True,True,75,75,130,75,130,95,4,True,True,356.0
481,Mesprit,Psychic,,396.0,True,True,80,105,105,105,105,80,4,True,True,396.0
482,Azelf,Psychic,,396.0,True,True,75,125,70,125,70,115,4,True,True,396.0
483,Dialga,Steel,Dragon,491.0,True,True,100,120,120,150,100,90,4,True,True,491.0
484,Palkia,Water,Dragon,461.0,True,True,90,120,100,150,120,100,4,True,True,461.0
485,Heatran,Fire,Steel,418.0,True,True,91,90,106,130,106,77,4,True,True,418.0
486,Regigigas,Normal,,461.0,True,True,110,160,110,80,110,100,4,True,True,461.0
487,GiratinaAltered Forme,Ghost,Dragon,471.0,True,True,150,100,120,100,120,90,4,True,True,471.0
487,GiratinaOrigin Forme,Ghost,Dragon,491.0,True,True,150,120,100,120,100,90,4,True,True,491.0
488,Cresselia,Psychic,,385.0,False,False,120,70,120,75,130,85,4,False,False,385.0
489,Phione,Water,,320.0,False,False,80,80,80,80,80,80,4,False,False,320.0
490,Manaphy,Water,,400.0,False,False,100,100,100,100,100,100,4,False,False,400.0
491,Darkrai,Dark,,386.0,True,True,70,90,90,135,90,125,4,True,True,386.0
492,ShayminLand Forme,Grass,,401.0,True,True,100,100,100,100,100,100,4,True,True,401.0
492,ShayminSky Forme,Grass,Flying,399.0,True,True,100,103,75,120,75,127,4,True,True,399.0
493,Arceus,Normal,,481.0,True,True,120,120,120,120,120,120,4,True,True,481.0
494,Victini,Psychic,Fire,401.0,True,True,100,100,100,100,100,100,5,True,True,401.0
495,Snivy,Grass,,190.0,False,False,45,45,55,45,55,63,5,False,False,190.0
496,Servine,Grass,,255.0,False,False,60,60,75,60,75,83,5,False,False,255.0
497,Serperior,Grass,,320.0,False,False,75,75,95,75,95,113,5,False,False,320.0
498,Tepig,Fire,,218.0,False,False,65,63,45,45,45,45,5,False,False,218.0
499,Pignite,Fire,Fighting,308.0,False,False,90,93,55,70,55,55,5,False,False,308.0
500,Emboar,Fire,Fighting,398.0,False,False,110,123,65,100,65,65,5,False,False,398.0
501,Oshawott,Water,,218.0,False,False,55,55,45,63,45,45,5,False,False,218.0
502,Dewott,Water,,293.0,False,False,75,75,60,83,60,60,5,False,False,293.0
503,Samurott,Water,,388.0,False,False,95,100,85,108,70,70,5,False,False,388.0
504,Patrat,Normal,,174.0,False,False,45,55,39,35,39,42,5,False,False,174.0
505,Watchog,Normal,,274.0,False,False,60,85,69,60,69,77,5,False,False,274.0
506,Lillipup,Normal,,175.0,False,False,45,60,45,25,45,55,5,False,False,175.0
507,Herdier,Normal,,245.0,False,False,65,80,65,35,65,60,5,False,False,245.0
508,Stoutland,Normal,,330.0,False,False,85,110,90,45,90,80,5,False,False,330.0
509,Purrloin,Dark,,178.0,False,False,41,50,37,50,37,66,5,False,False,178.0
510,Liepard,Dark,,290.0,False,False,64,88,50,88,50,106,5,False,False,290.0
511,Pansage,Grass,,204.0,False,False,50,53,48,53,48,64,5,False,False,204.0
512,Simisage,Grass,,334.0,False,False,75,98,63,98,63,101,5,False,False,334.0
513,Pansear,Fire,,204.0,False,False,50,53,48,53,48,64,5,False,False,204.0
514,Simisear,Fire,,334.0,False,False,75,98,63,98,63,101,5,False,False,334.0
515,Panpour,Water,,204.0,False,False,50,53,48,53,48,64,5,False,False,204.0
516,Simipour,Water,,334.0,False,False,75,98,63,98,63,101,5,False,False,334.0
517,Munna,Psychic,,213.0,False,False,76,25,45,67,55,24,5,False,False,213.0
518,Musharna,Psychic,,363.0,False,False,116,55,85,107,95,29,5,False,False,363.0
519,Pidove,Normal,Flying,191.0,False,False,50,55,50,36,30,43,5,False,False,191.0
520,Tranquill,Normal,Flying,251.0,False,False,62,77,62,50,42,65,5,False,False,251.0
521,Unfezant,Normal,Flying,340.0,False,False,80,115,80,65,55,93,5,False,False,340.0
522,Blitzle,Electric,,187.0,False,False,45,60,32,50,32,76,5,False,False,187.0
523,Zebstrika,Electric,,318.0,False,False,75,100,63,80,63,116,5,False,False,318.0
524,Roggenrola,Rock,,240.0,False,False,55,75,85,25,25,15,5,False,False,240.0
525,Boldore,Rock,,330.0,False,False,70,105,105,50,40,20,5,False,False,330.0
526,Gigalith,Rock,,410.0,False,False,85,135,130,60,80,25,5,False,False,410.0
527,Woobat,Psychic,Flying,198.0,False,False,55,45,43,55,43,72,5,False,False,198.0
528,Swoobat,Psychic,Flying,256.0,False,False,67,57,55,77,55,114,5,False,False,256.0
529,Drilbur,Ground,,215.0,False,False,60,85,40,30,45,68,5,False,False,215.0
530,Excadrill,Ground,Steel,355.0,False,False,110,135,60,50,65,88,5,False,False,355.0
531,Audino,Normal,,309.0,False,False,103,60,86,60,86,50,5,False,False,309.0
531,AudinoMega Audino,Normal,Fairy,369.0,False,False,103,60,126,80,126,50,5,False,False,369.0
532,Timburr,Fighting,,235.0,False,False,75,80,55,25,35,35,5,False,False,235.0
533,Gurdurr,Fighting,,315.0,False,False,85,105,85,40,50,40,5,False,False,315.0
534,Conkeldurr,Fighting,,395.0,False,False,105,140,95,55,65,45,5,False,False,395.0
535,Tympole,Water,,190.0,False,False,50,50,40,50,40,64,5,False,False,190.0
536,Palpitoad,Water,Ground,260.0,False,False,75,65,55,65,55,69,5,False,False,260.0
537,Seismitoad,Water,Ground,360.0,False,False,105,95,75,85,75,74,5,False,False,360.0
538,Throh,Fighting,,335.0,False,False,120,100,85,30,85,45,5,False,False,335.0
539,Sawk,Fighting,,305.0,False,False,75,125,75,30,75,85,5,False,False,305.0
540,Sewaddle,Bug,Grass,208.0,False,False,45,53,70,40,60,42,5,False,False,208.0
541,Swadloon,Bug,Grass,258.0,False,False,55,63,90,50,80,42,5,False,False,258.0
542,Leavanny,Bug,Grass,328.0,False,False,75,103,80,70,80,92,5,False,False,328.0
543,Venipede,Bug,Poison,164.0,False,False,30,45,59,30,39,57,5,False,False,164.0
544,Whirlipede,Bug,Poison,234.0,False,False,40,55,99,40,79,47,5,False,False,234.0
545,Scolipede,Bug,Poison,304.0,False,False,60,100,89,55,69,112,5,False,False,304.0
546,Cottonee,Grass,Fairy,164.0,False,False,40,27,60,37,50,66,5,False,False,164.0
547,Whimsicott,Grass,Fairy,289.0,False,False,60,67,85,77,75,116,5,False,False,289.0
548,Petilil,Grass,,200.0,False,False,45,35,50,70,50,30,5,False,False,200.0
549,Lilligant,Grass,,315.0,False,False,70,60,75,110,75,90,5,False,False,315.0
550,Basculin,Water,,307.0,False,False,70,92,65,80,55,98,5,False,False,307.0
551,Sandile,Ground,Dark,192.0,False,False,50,72,35,35,35,65,5,False,False,192.0
552,Krokorok,Ground,Dark,232.0,False,False,60,82,45,45,45,74,5,False,False,232.0
553,Krookodile,Ground,Dark,357.0,False,False,95,117,80,65,70,92,5,False,False,357.0
554,Darumaka,Fire,,220.0,False,False,70,90,45,15,45,50,5,False,False,220.0
555,DarmanitanStandard Mode,Fire,,330.0,False,False,105,140,55,30,55,95,5,False,False,330.0
555,DarmanitanZen Mode,Fire,Psychic,380.0,False,False,105,30,105,140,105,55,5,False,False,380.0
556,Maractus,Grass,,334.0,False,False,75,86,67,106,67,60,5,False,False,334.0
557,Dwebble,Bug,Rock,235.0,False,False,50,65,85,35,35,55,5,False,False,235.0
558,Crustle,Bug,Rock,355.0,False,False,70,95,125,65,75,45,5,False,False,355.0
559,Scraggy,Dark,Fighting,230.0,False,False,50,75,70,35,70,48,5,False,False,230.0
560,Scrafty,Dark,Fighting,315.0,False,False,65,90,115,45,115,58,5,False,False,315.0
561,Sigilyph,Psychic,Flying,313.0,False,False,72,58,80,103,80,97,5,False,False,313.0
562,Yamask,Ghost,,208.0,False,False,38,30,85,55,65,30,5,False,False,208.0
563,Cofagrigus,Ghost,,348.0,False,False,58,50,145,95,105,30,5,False,False,348.0
564,Tirtouga,Water,Rock,288.0,False,False,54,78,103,53,45,22,5,False,False,288.0
565,Carracosta,Water,Rock,398.0,False,False,74,108,133,83,65,32,5,False,False,398.0
566,Archen,Rock,Flying,286.0,False,False,55,112,45,74,45,70,5,False,False,286.0
567,Archeops,Rock,Flying,392.0,False,False,75,140,65,112,65,110,5,False,False,392.0
568,Trubbish,Poison,,202.0,False,False,50,50,62,40,62,65,5,False,False,202.0
569,Garbodor,Poison,,317.0,False,False,80,95,82,60,82,75,5,False,False,317.0
570,Zorua,Dark,,225.0,False,False,40,65,40,80,40,65,5,False,False,225.0
571,Zoroark,Dark,,345.0,False,False,60,105,60,120,60,105,5,False,False,345.0
572,Minccino,Normal,,185.0,False,False,55,50,40,40,40,75,5,False,False,185.0
573,Cinccino,Normal,,295.0,False,False,75,95,60,65,60,115,5,False,False,295.0
574,Gothita,Psychic,,180.0,False,False,45,30,50,55,65,45,5,False,False,180.0
575,Gothorita,Psychic,,250.0,False,False,60,45,70,75,85,55,5,False,False,250.0
576,Gothitelle,Psychic,,315.0,False,False,70,55,95,95,110,65,5,False,False,315.0
577,Solosis,Psychic,,220.0,False,False,45,30,40,105,50,20,5,False,False,220.0
578,Duosion,Psychic,,280.0,False,False,65,40,50,125,60,30,5,False,False,280.0
579,Reuniclus,Psychic,,375.0,False,False,110,65,75,125,85,30,5,False,False,375.0
580,Ducklett,Water,Flying,200.0,False,False,62,44,50,44,50,55,5,False,False,200.0
581,Swanna,Water,Flying,312.0,False,False,75,87,63,87,63,98,5,False,False,312.0
582,Vanillite,Ice,,201.0,False,False,36,50,50,65,60,44,5,False,False,201.0
583,Vanillish,Ice,,261.0,False,False,51,65,65,80,75,59,5,False,False,261.0
584,Vanilluxe,Ice,,361.0,False,False,71,95,85,110,95,79,5,False,False,361.0
585,Deerling,Normal,Grass,210.0,False,False,60,60,50,40,50,75,5,False,False,210.0
586,Sawsbuck,Normal,Grass,310.0,False,False,80,100,70,60,70,95,5,False,False,310.0
587,Emolga,Electric,Flying,265.0,False,False,55,75,60,75,60,103,5,False,False,265.0
588,Karrablast,Bug,,210.0,False,False,50,75,45,40,45,60,5,False,False,210.0
589,Escavalier,Bug,Steel,370.0,False,False,70,135,105,60,105,20,5,False,False,370.0
590,Foongus,Grass,Poison,224.0,False,False,69,55,45,55,55,15,5,False,False,224.0
591,Amoonguss,Grass,Poison,354.0,False,False,114,85,70,85,80,30,5,False,False,354.0
592,Frillish,Water,Ghost,210.0,False,False,55,40,50,65,85,40,5,False,False,210.0
593,Jellicent,Water,Ghost,315.0,False,False,100,60,70,85,105,60,5,False,False,315.0
594,Alomomola,Water,,360.0,False,False,165,75,80,40,45,65,5,False,False,360.0
595,Joltik,Bug,Electric,204.0,False,False,50,47,50,57,50,65,5,False,False,204.0
596,Galvantula,Bug,Electric,304.0,False,False,70,77,60,97,60,108,5,False,False,304.0
597,Ferroseed,Grass,Steel,209.0,False,False,44,50,91,24,86,10,5,False,False,209.0
598,Ferrothorn,Grass,Steel,353.0,False,False,74,94,131,54,116,20,5,False,False,353.0
599,Klink,Steel,,210.0,False,False,40,55,70,45,60,30,5,False,False,210.0
600,Klang,Steel,,305.0,False,False,60,80,95,70,85,50,5,False,False,305.0
601,Klinklang,Steel,,345.0,False,False,60,100,115,70,85,90,5,False,False,345.0
602,Tynamo,Electric,,175.0,False,False,35,55,40,45,40,60,5,False,False,175.0
603,Eelektrik,Electric,,295.0,False,False,65,85,70,75,70,40,5,False,False,295.0
604,Eelektross,Electric,,385.0,False,False,85,115,80,105,80,50,5,False,False,385.0
605,Elgyem,Psychic,,250.0,False,False,55,55,55,85,55,30,5,False,False,250.0
606,Beheeyem,Psychic,,350.0,False,False,75,75,75,125,95,40,5,False,False,350.0
607,Litwick,Ghost,Fire,200.0,False,False,50,30,55,65,55,20,5,False,False,200.0
608,Lampent,Ghost,Fire,255.0,False,False,60,40,60,95,60,55,5,False,False,255.0
609,Chandelure,Ghost,Fire,350.0,False,False,60,55,90,145,90,80,5,False,False,350.0
610,Axew,Dragon,,223.0,False,False,46,87,60,30,40,57,5,False,False,223.0
611,Fraxure,Dragon,,293.0,False,False,66,117,70,40,50,67,5,False,False,293.0
612,Haxorus,Dragon,,373.0,False,False,76,147,90,60,70,97,5,False,False,373.0
613,Cubchoo,Ice,,225.0,False,False,55,70,40,60,40,40,5,False,False,225.0
614,Beartic,Ice,,355.0,False,False,95,110,80,70,80,50,5,False,False,355.0
615,Cryogonal,Ice,,245.0,False,False,70,50,30,95,135,105,5,False,False,245.0
616,Shelmet,Bug,,215.0,False,False,50,40,85,40,65,25,5,False,False,215.0
617,Accelgor,Bug,,290.0,False,False,80,70,40,100,60,145,5,False,False,290.0
618,Stunfisk,Ground,Electric,340.0,False,False,109,66,84,81,99,32,5,False,False,340.0
619,Mienfoo,Fighting,,235.0,False,False,45,85,50,55,50,65,5,False,False,235.0
620,Mienshao,Fighting,,345.0,False,False,65,125,60,95,60,105,5,False,False,345.0
621,Druddigon,Dragon,,347.0,False,False,77,120,90,60,90,48,5,False,False,347.0
622,Golett,Ground,Ghost,218.0,False,False,59,74,50,35,50,35,5,False,False,218.0
623,Golurk,Ground,Ghost,348.0,False,False,89,124,80,55,80,55,5,False,False,348.0
624,Pawniard,Dark,Steel,240.0,False,False,45,85,70,40,40,60,5,False,False,240.0
625,Bisharp,Dark,Steel,350.0,False,False,65,125,100,60,70,70,5,False,False,350.0
626,Bouffalant,Normal,,340.0,False,False,95,110,95,40,95,55,5,False,False,340.0
627,Rufflet,Normal,Flying,240.0,False,False,70,83,50,37,50,60,5,False,False,240.0
628,Braviary,Normal,Flying,355.0,False,False,100,123,75,57,75,80,5,False,False,355.0
629,Vullaby,Dark,Flying,245.0,False,False,70,55,75,45,65,60,5,False,False,245.0
630,Mandibuzz,Dark,Flying,335.0,False,False,110,65,105,55,95,80,5,False,False,335.0
631,Heatmor,Fire,,353.0,False,False,85,97,66,105,66,65,5,False,False,353.0
632,Durant,Bug,Steel,327.0,False,False,58,109,112,48,48,109,5,False,False,327.0
633,Deino,Dark,Dragon,212.0,False,False,52,65,50,45,50,38,5,False,False,212.0
634,Zweilous,Dark,Dragon,292.0,False,False,72,85,70,65,70,58,5,False,False,292.0
635,Hydreigon,Dark,Dragon,412.0,False,False,92,105,90,125,90,98,5,False,False,412.0
636,Larvesta,Bug,Fire,245.0,False,False,55,85,55,50,55,60,5,False,False,245.0
637,Volcarona,Bug,Fire,345.0,False,False,85,60,65,135,105,100,5,False,False,345.0
638,Cobalion,Steel,Fighting,401.0,True,True,91,90,129,90,72,108,5,True,True,401.0
639,Terrakion,Rock,Fighting,383.0,True,True,91,129,90,72,90,108,5,True,True,383.0
640,Virizion,Grass,Fighting,344.0,True,True,91,90,72,90,129,108,5,True,True,344.0
641,TornadusIncarnate Forme,Flying,,390.0,True,True,79,115,70,125,80,111,5,True,True,390.0
641,TornadusTherian Forme,Flying,,370.0,True,True,79,100,80,110,90,121,5,True,True,370.0
642,ThundurusIncarnate Forme,Electric,Flying,390.0,True,True,79,115,70,125,80,111,5,True,True,390.0
642,ThundurusTherian Forme,Electric,Flying,400.0,True,True,79,105,70,145,80,101,5,True,True,400.0
643,Reshiram,Dragon,Fire,471.0,True,True,100,120,100,150,120,90,5,True,True,471.0
644,Zekrom,Dragon,Electric,491.0,True,True,100,150,120,120,100,90,5,True,True,491.0
645,LandorusIncarnate Forme,Ground,Flying,420.0,True,True,89,125,90,115,80,101,5,True,True,420.0
645,LandorusTherian Forme,Ground,Flying,430.0,True,True,89,145,90,105,80,91,5,True,True,430.0
646,Kyurem,Dragon,Ice,476.0,True,True,125,130,90,130,90,95,5,True,True,476.0
646,KyuremBlack Kyurem,Dragon,Ice,516.0,True,True,125,170,100,120,90,95,5,True,True,516.0
646,KyuremWhite Kyurem,Dragon,Ice,506.0,True,True,125,120,90,170,100,95,5,True,True,506.0
647,KeldeoOrdinary Forme,Water,Fighting,382.0,False,False,91,72,90,129,90,108,5,False,False,382.0
647,KeldeoResolute Forme,Water,Fighting,382.0,False,False,91,72,90,129,90,108,5,False,False,382.0
648,MeloettaAria Forme,Normal,Psychic,382.0,False,False,100,77,77,128,128,90,5,False,False,382.0
648,MeloettaPirouette Forme,Normal,Fighting,395.0,False,False,100,128,90,77,77,128,5,False,False,395.0
649,Genesect,Bug,Steel,406.0,False,False,71,120,95,120,95,99,5,False,False,406.0
650,Chespin,Grass,,230.0,False,False,56,61,65,48,45,38,6,False,False,230.0
651,Quilladin,Grass,,290.0,False,False,61,78,95,56,58,57,6,False,False,290.0
652,Chesnaught,Grass,Fighting,391.0,False,False,88,107,122,74,75,64,6,False,False,391.0
653,Fennekin,Fire,,187.0,False,False,40,45,40,62,60,60,6,False,False,187.0
654,Braixen,Fire,,266.0,False,False,59,59,58,90,70,73,6,False,False,266.0
655,Delphox,Fire,Psychic,330.0,False,False,75,69,72,114,100,104,6,False,False,330.0
656,Froakie,Water,,199.0,False,False,41,56,40,62,44,71,6,False,False,199.0
657,Frogadier,Water,,252.0,False,False,54,63,52,83,56,97,6,False,False,252.0
658,Greninja,Water,Dark,337.0,False,False,72,95,67,103,71,122,6,False,False,337.0
659,Bunnelby,Normal,,144.0,False,False,38,36,38,32,36,57,6,False,False,144.0
660,Diggersby,Normal,Ground,268.0,False,False,85,56,77,50,77,78,6,False,False,268.0
661,Fletchling,Normal,Flying,178.0,False,False,45,50,43,40,38,62,6,False,False,178.0
662,Fletchinder,Fire,Flying,246.0,False,False,62,73,55,56,52,84,6,False,False,246.0
663,Talonflame,Fire,Flying,304.0,False,False,78,81,71,74,69,126,6,False,False,304.0
664,Scatterbug,Bug,,140.0,False,False,38,35,40,27,25,35,6,False,False,140.0
665,Spewpa,Bug,,154.0,False,False,45,22,60,27,30,29,6,False,False,154.0
666,Vivillon,Bug,Flying,272.0,False,False,80,52,50,90,50,89,6,False,False,272.0
667,Litleo,Fire,Normal,243.0,False,False,62,50,58,73,54,72,6,False,False,243.0
668,Pyroar,Fire,Normal,335.0,False,False,86,68,72,109,66,106,6,False,False,335.0
669,Flabb,Fairy,,182.0,False,False,44,38,39,61,79,42,6,False,False,182.0
670,Floette,Fairy,,221.0,False,False,54,45,47,75,98,52,6,False,False,221.0
671,Florges,Fairy,,323.0,False,False,78,65,68,112,154,75,6,False,False,323.0
672,Skiddo,Grass,,241.0,False,False,66,65,48,62,57,52,6,False,False,241.0
673,Gogoat,Grass,,382.0,False,False,123,100,62,97,81,68,6,False,False,382.0
674,Pancham,Fighting,,257.0,False,False,67,82,62,46,48,43,6,False,False,257.0
675,Pangoro,Fighting,Dark,366.0,False,False,95,124,78,69,71,58,6,False,False,366.0
676,Furfrou,Normal,,280.0,False,False,75,80,60,65,90,102,6,False,False,280.0
677,Espurr,Psychic,,227.0,False,False,62,48,54,63,60,68,6,False,False,227.0
678,MeowsticMale,Psychic,,281.0,False,False,74,48,76,83,81,104,6,False,False,281.0
678,MeowsticFemale,Psychic,,281.0,False,False,74,48,76,83,81,104,6,False,False,281.0
679,Honedge,Steel,Ghost,260.0,False,False,45,80,100,35,37,28,6,False,False,260.0
680,Doublade,Steel,Ghost,364.0,False,False,59,110,150,45,49,35,6,False,False,364.0
681,AegislashBlade Forme,Steel,Ghost,410.0,False,False,60,150,50,150,50,60,6,False,False,410.0
681,AegislashShield Forme,Steel,Ghost,310.0,False,False,60,50,150,50,150,60,6,False,False,310.0
682,Spritzee,Fairy,,253.0,False,False,78,52,60,63,65,23,6,False,False,253.0
683,Aromatisse,Fairy,,344.0,False,False,101,72,72,99,89,29,6,False,False,344.0
684,Swirlix,Fairy,,235.0,False,False,62,48,66,59,57,49,6,False,False,235.0
685,Slurpuff,Fairy,,333.0,False,False,82,80,86,85,75,72,6,False,False,333.0
686,Inkay,Dark,Psychic,197.0,False,False,53,54,53,37,46,45,6,False,False,197.0
687,Malamar,Dark,Psychic,334.0,False,False,86,92,88,68,75,73,6,False,False,334.0
688,Binacle,Rock,Water,200.0,False,False,42,52,67,39,56,50,6,False,False,200.0
689,Barbaracle,Rock,Water,346.0,False,False,72,105,115,54,86,68,6,False,False,346.0
690,Skrelp,Poison,Water,230.0,False,False,50,60,60,60,60,30,6,False,False,230.0
691,Dragalge,Poison,Dragon,327.0,False,False,65,75,90,97,123,44,6,False,False,327.0
692,Clauncher,Water,,223.0,False,False,50,53,62,58,63,44,6,False,False,223.0
693,Clawitzer,Water,,352.0,False,False,71,73,88,120,89,59,6,False,False,352.0
694,Helioptile,Electric,Normal,176.0,False,False,44,38,33,61,43,70,6,False,False,176.0
695,Heliolisk,Electric,Normal,278.0,False,False,62,55,52,109,94,109,6,False,False,278.0
696,Tyrunt,Rock,Dragon,269.0,False,False,58,89,77,45,45,48,6,False,False,269.0
697,Tyrantrum,Rock,Dragon,391.0,False,False,82,121,119,69,59,71,6,False,False,391.0
698,Amaura,Rock,Ice,253.0,False,False,77,59,50,67,63,46,6,False,False,253.0
699,Aurorus,Rock,Ice,371.0,False,False,123,77,72,99,92,58,6,False,False,371.0
700,Sylveon,Fairy,,335.0,False,False,95,65,65,110,130,60,6,False,False,335.0
701,Hawlucha,Fighting,Flying,319.0,False,False,78,92,75,74,63,118,6,False,False,319.0
702,Dedenne,Electric,Fairy,263.0,False,False,67,58,57,81,67,101,6,False,False,263.0
703,Carbink,Rock,Fairy,300.0,False,False,50,50,150,50,150,50,6,False,False,300.0
704,Goomy,Dragon,,185.0,False,False,45,50,35,55,75,40,6,False,False,185.0
705,Sliggoo,Dragon,,279.0,False,False,68,75,53,83,113,60,6,False,False,279.0
706,Goodra,Dragon,,370.0,False,False,90,100,70,110,150,80,6,False,False,370.0
707,Klefki,Steel,Fairy,308.0,False,False,57,80,91,80,87,75,6,False,False,308.0
708,Phantump,Ghost,Grass,211.0,False,False,43,70,48,50,60,38,6,False,False,211.0
709,Trevenant,Ghost,Grass,336.0,False,False,85,110,76,65,82,56,6,False,False,336.0
710,PumpkabooAverage Size,Ghost,Grass,229.0,False,False,49,66,70,44,55,51,6,False,False,229.0
710,PumpkabooSmall Size,Ghost,Grass,224.0,False,False,44,66,70,44,55,56,6,False,False,224.0
710,PumpkabooLarge Size,Ghost,Grass,234.0,False,False,54,66,70,44,55,46,6,False,False,234.0
710,PumpkabooSuper Size,Ghost,Grass,239.0,False,False,59,66,70,44,55,41,6,False,False,239.0
711,GourgeistAverage Size,Ghost,Grass,335.0,False,False,65,90,122,58,75,84,6,False,False,335.0
711,GourgeistSmall Size,Ghost,Grass,320.0,False,False,55,85,122,58,75,99,6,False,False,320.0
711,GourgeistLarge Size,Ghost,Grass,350.0,False,False,75,95,122,58,75,69,6,False,False,350.0
711,GourgeistSuper Size,Ghost,Grass,365.0,False,False,85,100,122,58,75,54,6,False,False,365.0
712,Bergmite,Ice,,241.0,False,False,55,69,85,32,35,28,6,False,False,241.0
713,Avalugg,Ice,,440.0,False,False,95,117,184,44,46,28,6,False,False,440.0
714,Noibat,Flying,Dragon,150.0,False,False,40,30,35,45,40,55,6,False,False,150.0
715,Noivern,Flying,Dragon,332.0,False,False,85,70,80,97,80,123,6,False,False,332.0
716,Xerneas,Fairy,,484.0,True,True,126,131,95,131,98,99,6,True,True,484.0
717,Yveltal,Dark,Flying,484.0,True,True,126,131,95,131,98,99,6,True,True,484.0
718,Zygarde50% Forme,Dragon,Ground,411.0,True,True,108,100,121,81,95,95,6,True,True,411.0
719,Diancie,Rock,Fairy,401.0,True,True,50,100,150,100,150,50,6,True,True,401.0
719,DiancieMega Diancie,Rock,Fairy,481.0,True,True,50,160,110,160,110,110,6,True,True,481.0
720,HoopaHoopa Confined,Psychic,Ghost,401.0,True,True,80,110,60,150,130,70,6,True,True,401.0
720,HoopaHoopa Unbound,Psychic,Dark,471.0,True,True,80,160,60,170,130,80,6,True,True,471.0
721,Volcanion,Fire,Water,441.0,True,True,80,110,120,130,90,70,6,True,True,441.0
